replication,total product throughput,p1 throughput,p2 throughput,p3 throughput,ws1 busy,ws2 busy,ws3 busy,insp1 idle,insp2 idle,buffer11,buffer12,buffer13,buffer22,buffer33
1,1.8183288728803326,1.374533351363777,0.3883210813269863,0.05547444018956947,0.580103542264135,0.1151309226875041,0.027174068390631172,0.0,0.7788845515109456,0.32592592592592595,0.1037037037037037,0.011851851851851851,1.442962962962963,1.7851851851851852
2,1.8244926995680626,1.374533351363777,0.40681256139017613,0.04314678681410959,0.580103542264135,0.12218639256324462,0.007018787861688519,0.0,0.7825068374056746,0.33827893175074186,0.11127596439169139,0.0,1.4317507418397626,1.8545994065281899
3,1.8244926995680626,1.374533351363777,0.40681256139017613,0.04314678681410959,0.580103542264135,0.12218639256324462,0.007018787861688519,0.0,0.7808255430440814,0.337295690936107,0.09658246656760773,0.007429420505200594,1.3952451708766715,1.8588410104011888
4,1.8183288728803326,1.374533351363777,0.3883210813269863,0.05547444018956947,0.580103542264135,0.1151309226875041,0.027174068390631172,0.0,0.7788845515109456,0.3274074074074074,0.08888888888888889,0.0,1.4325925925925926,1.8207407407407408
5,1.8244926995680626,1.374533351363777,0.40681256139017613,0.04314678681410959,0.580103542264135,0.12218639256324462,0.007018787861688519,0.0,0.7806179789612919,0.3224368499257058,0.08915304606240713,0.008915304606240713,1.3833580980683506,1.87369985141159
