replication,total product throughput,p1 throughput,p2 throughput,p3 throughput,ws1 idle,ws2 idle,ws3 idle,insp1 idle,insp2 idlebuffer11,buffer12,buffer13,buffer22,buffer33
1,1.835716982655631,1.3875318999336876,0.40520843095408576,0.04297665176785758,0.4207882498989813,0.8782954089586086,0.9930088884008018,0.0,0.7808189382707363,0.33037037037037037,0.10518518518518519,0.007407407407407408,1.4,1.845925925925926
2,1.835716982655631,1.3875318999336876,0.40520843095408576,0.04297665176785758,0.4207882498989813,0.8782954089586086,0.9930088884008018,0.0,0.7852376498129463,0.327893175074184,0.10237388724035608,0.00741839762611276,1.4658753709198813,1.857566765578635
3,1.8295774609745084,1.3875318999336876,0.38678986591071823,0.0552556951301026,0.4207882498989813,0.8853230579285001,0.972933083537099,0.0,0.7823144625004039,0.32689450222882616,0.11144130757800892,0.0237741456166419,1.4427934621099554,1.799405646359584
4,1.835716982655631,1.3875318999336876,0.40520843095408576,0.04297665176785758,0.4207882498989813,0.8782954089586086,0.9930088884008018,0.0,0.7816144406093166,0.32592592592592595,0.08296296296296296,0.005925925925925926,1.4385185185185185,1.8607407407407408
5,1.8295774609745084,1.3875318999336876,0.38678986591071823,0.0552556951301026,0.4207882498989813,0.8853230579285001,0.972933083537099,0.0,0.7840740522722348,0.3333333333333333,0.08779761904761904,0.0,1.4717261904761905,1.8422619047619047
