replication,total product throughput,p1 throughput,p2 throughput,p3 throughput,ws1 idle,ws2 idle,ws3 idle,insp1 idle,insp2 idle,buffer11,buffer12,buffer13,buffer22,buffer33
1,1.8295774609745084,1.3875318999336876,0.38678986591071823,0.0552556951301026,0.4207882498989813,0.8853230579285001,0.972933083537099,0.0,0.7840740522722348,0.3288690476190476,0.09375,0.01488095238095238,1.40625,1.7857142857142858
2,1.835716982655631,1.3875318999336876,0.40520843095408576,0.04297665176785758,0.4207882498989813,0.8782954089586086,0.9930088884008018,0.0,0.7809621352081146,0.3362962962962963,0.09481481481481481,0.023703703703703703,1.434074074074074,1.8785185185185185
3,1.8295774609745084,1.3875318999336876,0.38678986591071823,0.0552556951301026,0.4207882498989813,0.8853230579285001,0.972933083537099,0.0,0.7693995989141094,0.33580980683506684,0.12481426448736999,0.01337295690936107,1.438335809806835,1.7904903417533433
4,1.8295774609745084,1.3875318999336876,0.38678986591071823,0.0552556951301026,0.4207882498989813,0.8853230579285001,0.972933083537099,0.0,0.7760444394062519,0.3313521545319465,0.10104011887072809,0.0,1.4843982169390788,1.8142644873699851
5,1.8295774609745084,1.3875318999336876,0.38678986591071823,0.0552556951301026,0.4207882498989813,0.8853230579285001,0.972933083537099,0.0,0.7827312327550197,0.32392273402674593,0.10698365527488855,0.01188707280832095,1.4814264487369986,1.799405646359584
