replication,total product throughput,p1 throughput,p2 throughput,p3 throughput,ws1 busy,ws2 busy,ws3 busy,insp1 idle,insp2 idle,buffer11,buffer12,buffer13,buffer22,buffer33
1,1.8183288728803326,1.374533351363777,0.3883210813269863,0.05547444018956947,0.580103542264135,0.1151309226875041,0.027174068390631172,0.0,0.785530686565799,0.33580980683506684,0.1352154531946508,0.01188707280832095,1.4309063893016345,1.7696879643387815
2,1.8244926995680626,1.374533351363777,0.38215725463925637,0.06780209356502935,0.580103542264135,0.11310448683501712,0.02719051985212297,0.0,0.7804962482142385,0.3377777777777778,0.11259259259259259,0.016296296296296295,1.4474074074074075,1.7585185185185186
3,1.8183288728803326,1.374533351363777,0.3883210813269863,0.05547444018956947,0.580103542264135,0.1151309226875041,0.027174068390631172,0.0,0.7816376088107863,0.3244047619047619,0.08928571428571429,0.028273809523809524,1.4300595238095237,1.7485119047619047
4,1.8183288728803326,1.374533351363777,0.3883210813269863,0.05547444018956947,0.580103542264135,0.1151309226875041,0.027174068390631172,0.0,0.7832755154672371,0.3387815750371471,0.09212481426448738,0.03566121842496285,1.4175334323922735,1.7652303120356612
5,1.8183288728803326,1.374533351363777,0.3883210813269863,0.05547444018956947,0.580103542264135,0.1151309226875041,0.027174068390631172,0.0,0.7816947716389696,0.3298662704309064,0.08320950965824665,0.0,1.4279346210995543,1.8053491827637445
