replication,total product throughput,p1 throughput,p2 throughput,p3 throughput,ws1 busy,ws2 busy,ws3 busy,insp1 idle,insp2 idle,buffer11,buffer12,buffer13,buffer22,buffer33
1,1.835716982655631,1.3875318999336876,0.4113479526352083,0.036837130086735066,0.5792117501010188,0.1220339767558149,0.005377319952228149,0.0,0.7808189382707362,0.32,0.10222222222222223,0.0,1.4577777777777778,1.8666666666666667
2,1.835716982655631,1.3875318999336876,0.40520843095408576,0.04297665176785758,0.5792117501010188,0.12170459104139142,0.006991111599198192,0.0,0.7816144406093166,0.3451851851851852,0.09481481481481481,0.007407407407407408,1.4355555555555555,1.8962962962962964
3,1.8295774609745084,1.3875318999336876,0.38678986591071823,0.0552556951301026,0.5792117501010188,0.11467694207149982,0.02706691646290098,0.0,0.7760444394062519,0.3328380386329866,0.10104011887072809,0.0,1.473997028231798,1.8068350668647846
4,1.835716982655631,1.3875318999336876,0.40520843095408576,0.04297665176785758,0.5792117501010188,0.12170459104139142,0.006991111599198192,0.0,0.7812901315729908,0.34323922734026746,0.08469539375928678,0.04011887072808321,1.3863298662704309,1.838038632986627
5,1.835716982655631,1.3875318999336876,0.3806503442295957,0.06753473849234763,0.5792117501010188,0.11265849679682746,0.02708330305350972,0.0,0.7852376498129463,0.3293768545994065,0.09347181008902077,0.011869436201780416,1.4198813056379822,1.7789317507418398
